voucher_file,tug
268k.pdf,БК Коммунар
269p.pdf,БК Пионер
268p.pdf,БК Пионер
267k.pdf,БК Коммунар
266k.pdf,БК Коммунар
267p.pdf,БК Пионер
266p.pdf,БК Пионер
265k.pdf,БК Коммунар
265p.pdf,БК Пионер
264k.pdf,БК Коммунар
263k.pdf,БК Коммунар
264p.pdf,БК Пионер
262k(2).pdf,БК Коммунар
263p(2).pdf,БК Пионер
261k(2).pdf,БК Коммунар
262p(2).pdf,БК Пионер
260k(2).pdf,БК Коммунар
259k.pdf,БК Коммунар
261p.pdf,БК Пионер
258k(2).pdf,БК Коммунар
260p(2).pdf,БК Пионер
257k(2).pdf,БК Коммунар
259p(2).pdf,БК Пионер
256k.pdf,БК Коммунар
258p.pdf,БК Пионер
255k(2).pdf,БК Коммунар
257p.pdf,БК Пионер
254k(2).pdf,БК Коммунар
256p.pdf,БК Пионер
253k.pdf,БК Коммунар
252k.pdf,БК Коммунар
255p.pdf,БК Пионер
251k.pdf,БК Коммунар
254p.pdf,БК Пионер
250k.pdf,БК Коммунар
253p.pdf,БК Пионер
249k.pdf,БК Коммунар
252p.pdf,БК Пионер
248k.pdf,БК Коммунар
247k.pdf,БК Коммунар
251p.pdf,БК Пионер
246k.pdf,БК Коммунар
250p.pdf,БК Пионер
249p.pdf,БК Пионер
245k.pdf,БК Коммунар
244k.pdf,БК Коммунар
248p.pdf,БК Пионер
247p.pdf,БК Пионер
243k.pdf,БК Коммунар
246p.pdf,БК Пионер
242k.pdf,БК Коммунар
241k.pdf,БК Коммунар
245p.pdf,БК Пионер
240k(2).pdf,БК Коммунар
239k.pdf,БК Коммунар
238k.pdf,БК Коммунар
244p.pdf,БК Пионер
237k.pdf,БК Коммунар
243p.pdf,БК Пионер
236k.pdf,БК Коммунар
235k.pdf,БК Коммунар
242p.pdf,БК Пионер
241p.pdf,БК Пионер
234k.pdf,БК Коммунар
240p.pdf,БК Пионер
233k.pdf,БК Коммунар
232k.pdf,БК Коммунар
239p.pdf,БК Пионер
231k.pdf,БК Коммунар
238p.pdf,БК Пионер
230k.pdf,БК Коммунар
237p.pdf,БК Пионер
229k.pdf,БК Коммунар
236p.pdf,БК Пионер
228k.pdf,БК Коммунар
235p.pdf,БК Пионер
227k.pdf,БК Коммунар
234p.pdf,БК Пионер
226k.pdf,БК Коммунар
225k.pdf,БК Коммунар
233p.pdf,БК Пионер
232p.pdf,БК Пионер
224k.pdf,МБ Лигер
231p.pdf,БК Пионер
223k .pdf,БК Коммунар
230p.pdf,БК Пионер
229p.pdf,БК Коммунар
222k.pdf,БК Коммунар
228p.pdf,БК Пионер
227p.pdf,БК Пионер
221k.pdf,БК Коммунар
226p.pdf,БК Пионер
220k.pdf,БК Коммунар
225p.pdf,БК Пионер
219k.pdf,БК Коммунар
224p.pdf,БК Пионер
223p.pdf,БК Пионер
218k.pdf,БК Коммунар
222p.pdf,БК Пионер
221p.pdf,БК Пионер
220p.pdf,БК Коммунар
220p.pdf,БК Пионер
219p.pdf,БК Пионер
218p.pdf,БК Пионер
216k.pdf,БК Коммунар
217p.pdf,БК Пионер
215k.pdf,БК Коммунар
216p.pdf,БК Пионер
215p.pdf,БК Пионер
214p.pdf,БК Пионер
214k.pdf,БК Коммунар
213p.pdf,БК Пионер
212p.pdf,БК Пионер
211p.pdf,БК Пионер
213k.pdf,БК Коммунар
210p.pdf,БК Пионер
212k.pdf,БК Коммунар
209p.pdf,БК Пионер
211k.pdf,БК Коммунар
208p.pdf,БК Пионер
207p.pdf,БК Пионер
206p.pdf,БК Пионер
210k.pdf,БК Коммунар
209k.pdf,БК Коммунар
208k.pdf,БК Коммунар
205p.pdf,БК Пионер
207k.pdf,БК Коммунар
204p.pdf,БК Пионер
206k.pdf,БК Коммунар
203p.pdf,БК Пионер
205k.pdf,БК Коммунар
202p.pdf,БК Пионер
204k.pdf,БК Коммунар
203k.pdf,БК Коммунар
201p.pdf,БК Пионер
202k.pdf,БК Коммунар
201k.pdf,БК Коммунар
200p.pdf,БК Пионер
200k.pdf,БК Коммунар
199p.pdf,БК Пионер
199k.pdf,БК Коммунар
198p.pdf,БК Пионер
198k.pdf,БК Коммунар
197k.pdf,БК Коммунар
197p.pdf,БК Пионер
196k.pdf,БК Коммунар
195k.pdf,БК Коммунар
194k.pdf,БК Коммунар
196p.pdf,БК Пионер
195p.pdf,БК Пионер
Re_ Вход тх KERASIA S 18.05 в 09_00 _ ТСС №8.pdf,БК Коммунар
194p.pdf,БК Пионер
192k.pdf,БК Коммунар
191k.pdf,БК Коммунар
193p.pdf,БК Пионер
190k.pdf,БК Коммунар
189k.pdf,БК Коммунар
188k_.pdf,БК Коммунар
192p.pdf,БК Пионер
187k.pdf,БК Коммунар
191p.pdf,БК Пионер
186k.pdf,БК Коммунар
185k.pdf,БК Коммунар
190p.pdf,БК Пионер
184k.pdf,БК Коммунар
183k.pdf,БК Коммунар
182k.pdf,БК Коммунар
181k.pdf,БК Коммунар
189p.pdf,БК Пионер
180k.pdf,БК Коммунар
179k.pdf,БК Коммунар
188p.pdf,БК Пионер
178k.pdf,БК Коммунар
187p.pdf,БК Пионер
177k.pdf,БК Коммунар
176k.pdf,БК Коммунар
186p.pdf,БК Пионер
185p.pdf,БК Пионер
175k.pdf,БК Коммунар
174k.pdf,БК Коммунар
184p.pdf,БК Пионер
173k.pdf,БК Коммунар
183p.pdf,БК Пионер
182p.pdf,БК Пионер
172k.pdf,БК Коммунар
181p.pdf,БК Пионер
171k.pdf,БК Коммунар
180p.pdf,БК Пионер
170k.pdf,БК Коммунар
179p.pdf,БК Пионер
169k.pdf,БК Коммунар
178p.pdf,БК Пионер
168k.pdf,БК Коммунар
177p.pdf,БК Пионер
176p.pdf,БК Пионер
167k.pdf,БК Коммунар
175p.pdf,БК Пионер
166k.pdf,БК Коммунар
165k.pdf,БК Коммунар
174p.pdf,БК Пионер
164k.pdf,БК Коммунар
173p.pdf,БК Пионер
172p.pdf,БК Пионер
163k.pdf,БК Коммунар
162k.pdf,БК Коммунар
171p.pdf,БК Пионер
170p.pdf,БК Пионер
169p.pdf,БК Пионер
161k.pdf,БК Коммунар
168p.pdf,БК Пионер
160k.pdf,БК Коммунар
167p.pdf,БК Пионер
166p.pdf,БК Пионер
165p.pdf,БК Пионер
159k.pdf,БК Коммунар
164p.pdf,БК Пионер
163p.pdf,БК Пионер
162p.pdf,БК Пионер
158k.pdf,БК Коммунар
161p.pdf,БК Пионер
157k.pdf,БК Коммунар
160p.pdf,БК Пионер
159p.pdf,БК Пионер
156k.pdf,БК Коммунар
158p.pdf,БК Пионер
157p.pdf,БК Пионер
156p.pdf,БК Пионер
155k.pdf,БК Коммунар
155p.pdf,БК Пионер
154k.pdf,БК Коммунар
154p.pdf,БК Пионер
153k.pdf,БК Коммунар
153p.pdf,БК Пионер
152k.pdf,БК Коммунар
152p.pdf,БК Пионер
151p.pdf,БК Пионер
150p.pdf,БК Пионер
151k.pdf,БК Коммунар
149p.pdf,БК Пионер
150k.pdf,БК Коммунар
148p.pdf,БК Пионер
149k.pdf,БК Коммунар
147p.pdf,БК Пионер
148k.pdf,БК Коммунар
147k.pdf,БК Коммунар
146p.pdf,БК Пионер
146k.pdf,БК Коммунар
145p.pdf,БК Пионер
144p.pdf,БК Пионер
145k.pdf,БК Коммунар
144p.pdf,БК Коммунар
143k.pdf,БК Коммунар
143p.pdf,БК Пионер
142k.pdf,БК Коммунар
142p.pdf,БК Пионер
141p.pdf,БК Пионер
141k.pdf,БК Коммунар
140p.pdf,БК Пионер
140k.pdf,БК Коммунар
139k.pdf,БК Коммунар
138k.pdf,БК Коммунар
139p.pdf,БК Пионер
137k.pdf,БК Коммунар
138p.pdf,БК Пионер
136k.pdf,БК Коммунар
137p.pdf,БК Пионер
135k.pdf,БК Коммунар
134k.pdf,БК Коммунар
136p.pdf,БК Пионер
133k.pdf,БК Коммунар
135p.pdf,БК Пионер
132k.pdf,БК Коммунар
131k.pdf,БК Коммунар
130k.pdf,БК Коммунар
134p.pdf,БК Пионер
129k.pdf,БК Коммунар
133p.pdf,БК Пионер
128k.pdf,БК Коммунар
132p.pdf,БК Пионер
127k.pdf,БК Коммунар
131p.pdf,БК Пионер
126k.pdf,БК Коммунар
130p.pdf,БК Пионер
129p.pdf,БК Пионер
125k.pdf,БК Коммунар
124k.pdf,БК Коммунар
123k.pdf,БК Коммунар
128p.pdf,БК Пионер
122k.pdf,БК Коммунар
127p.pdf,БК Пионер
121k.pdf,БК Коммунар
126p.pdf,БК Пионер
125p.pdf,БК Пионер
120k.pdf,БК Коммунар
124p.pdf,БК Пионер
119k.pdf,БК Коммунар
118k.pdf,БК Коммунар
117k.pdf,БК Коммунар
123p.pdf,БК Пионер
122p.pdf,БК Пионер
116k.pdf,БК Коммунар
121p.pdf,БК Пионер
120p.pdf,БК Пионер
115k.pdf,БК Коммунар
119p.pdf,БК Пионер
114k.pdf,БК Коммунар
118p.pdf,БК Пионер
113k.pdf,БК Коммунар
112k.pdf,БК Коммунар
117p.pdf,БК Пионер
116p.pdf,БК Пионер
111k.pdf,БК Коммунар
115p.pdf,БК Пионер
110k.pdf,БК Коммунар
114p.pdf,БК Пионер
109k.pdf,БК Коммунар
113p.pdf,БК Пионер
108k.pdf,БК Коммунар
112p.pdf,БК Пионер
107k.pdf,БК Коммунар
106k.pdf,БК Коммунар
111p.pdf,БК Пионер
105k.pdf,БК Коммунар
110p.pdf,БК Пионер
104k.pdf,БК Коммунар
109p.pdf,БК Пионер
103k.pdf,БК Коммунар
108p.pdf,БК Пионер
102k.pdf,БК Коммунар
101k.pdf,БК Коммунар
100k.pdf,БК Коммунар
107p.pdf,БК Пионер
99k.pdf,БК Коммунар
106p.pdf,БК Пионер
98k.pdf,БК Коммунар
97k.pdf,БК Коммунар
105p.pdf,БК Пионер
96k.pdf,БК Коммунар
104p.pdf,БК Пионер
103p.pdf,БК Пионер
102p.pdf,БК Пионер
95k.pdf,БК Коммунар
101p.pdf,БК Пионер
94k.pdf,БК Коммунар
100p.pdf,БК Пионер
99p.pdf,БК Пионер
93k.pdf,БК Коммунар
98р.pdf,БК Пионер
92k.pdf,БК Коммунар
97p.pdf,БК Пионер
91k.pdf,БК Коммунар
90k.pdf,БК Коммунар
96p.pdf,БК Пионер
89k.pdf,БК Коммунар
95p.pdf,БК Пионер
94p.pdf,БК Пионер
93p.pdf,БК Пионер
92p.pdf,БК Пионер
88k.pdf,БК Коммунар
91p.pdf,БК Пионер
87k.pdf,БК Коммунар
90p.pdf,БК Пионер
86k.pdf,БК Коммунар
89p.pdf,БК Пионер
85k.pdf,БК Коммунар
88p.pdf,БК Пионер
84k.pdf,БК Коммунар
87p.pdf,БК Пионер
86p.pdf,БК Пионер
83k.pdf,БК Коммунар
82k.pdf,БК Коммунар
85p.pdf,БК Пионер
84p.pdf,БК Пионер
83p.pdf,БК Пионер
81k.pdf,БК Коммунар
82p.pdf,БК Пионер
81p.pdf,БК Пионер
80p.pdf,БК Пионер
80k.pdf,БК Коммунар
79p.pdf,БК Пионер
78p.pdf,БК Пионер
79k.pdf,БК Коммунар
77p.pdf,БК Пионер
76p.pdf,БК Пионер
78k.pdf,БК Коммунар
75p.pdf,БК Пионер
74p.pdf,БК Пионер
77k.pdf,БК Коммунар
73p.pdf,БК Пионер
76k.pdf,БК Коммунар
72p.pdf,БК Пионер
75k.pdf,БК Коммунар
71p.pdf,БК Пионер
70p.pdf,БК Пионер
69p.pdf,БК Пионер
68p.pdf,БК Пионер
66p.pdf,БК Пионер
67p.pdf,БК Пионер
74k.pdf,БК Коммунар
73k.pdf,БК Коммунар
65p.pdf,БК Пионер
64p.pdf,БК Пионер
72k.pdf,БК Коммунар
63p.pdf,БК Пионер
71k.pdf,БК Коммунар
62p.pdf,БК Пионер
70k.pdf,БК Коммунар
61p.pdf,БК Пионер
60p.pdf,БК Пионер
68k.pdf,БК Коммунар
59p.pdf,БК Пионер
58p.pdf,БК Пионер
69k.pdf,БК Коммунар
67k.pdf,БК Коммунар
57p.pdf,БК Пионер
56p.pdf,БК Пионер
66k.pdf,БК Коммунар
55p.pdf,БК Пионер
65k.pdf,БК Коммунар
54p.pdf,БК Пионер
64k.pdf,БК Коммунар
53p.pdf,БК Пионер
52p.pdf,БК Пионер
63k.pdf,БК Коммунар
51p.pdf,БК Пионер
50p.pdf,БК Пионер
62k.pdf,БК Коммунар
49p.pdf,БК Пионер
61k.pdf,БК Коммунар
48p.pdf,БК Пионер
60k.pdf,БК Коммунар
47p.pdf,БК Пионер
59k.pdf,БК Пионер
46p.pdf,БК Пионер
45p.pdf,БК Пионер
44p.pdf,БК Пионер
43p.pdf,БК Пионер
58k.pdf,МБ Лигер
42p.pdf,БК Пионер
57k.pdf,БК Коммунар
56k.pdf,БК Коммунар
55k.pdf,БК Коммунар
41p.pdf,БК Пионер
40p.pdf,БК Пионер
39p.pdf,БК Пионер
38p.pdf,БК Пионер
37p.pdf,БК Пионер
54k.pdf,БК Коммунар
53k.pdf,БК Коммунар
36p.pdf,БК Пионер
52k.pdf,БК Коммунар
35p.pdf,БК Пионер
51k.pdf,БК Коммунар
50k.pdf,БК Коммунар
34p.pdf,БК Пионер
49k.pdf,БК Коммунар
48k.pdf,БК Коммунар
33p.pdf,БК Пионер
47k.pdf,БК Коммунар
46k.pdf,БК Коммунар
32p.pdf,БК Пионер
31p.pdf,БК Пионер
45k.pdf,БК Коммунар
44k.pdf,БК Коммунар
30p.pdf,БК Пионер
43k.pdf,БК Коммунар
42k.pdf,БК Коммунар
29p(2).pdf,БК Пионер
41k.pdf,БК Коммунар
28p.pdf,БК Пионер
40k.pdf,БК Коммунар
27p.pdf,БК Пионер
39k.pdf,БК Коммунар
26p.pdf,БК Пионер
38k.pdf,БК Коммунар
37k.pdf,БК Коммунар
36k.pdf,БК Коммунар
25p.pdf,БК Пионер
35k.pdf,БК Коммунар
24p.pdf,БК Пионер
34k.pdf,БК Коммунар
23p.pdf,БК Пионер
33k.pdf,БК Коммунар
22p.pdf,БК Пионер
32k.pdf,БК Коммунар
31k.pdf,БК Коммунар
30k.pdf,БК Коммунар
21p.pdf,БК Пионер
29k.pdf,БК Коммунар
28k.pdf,БК Коммунар
20p.pdf,БК Пионер
27k.pdf,БК Коммунар
19p.pdf,БК Пионер
26k.pdf,БК Коммунар
18p.pdf,БК Пионер
24k.pdf,БК Коммунар
25k.pdf,БК Коммунар
23k.pdf,БК Коммунар
17p.pdf,БК Пионер
16аp.pdf,БК Пионер
22аk.pdf,БК Коммунар
22k.pdf,БК Коммунар
21k.pdf,БК Коммунар
16p.pdf,БК Пионер
20k.pdf,БК Коммунар
19k.pdf,БК Коммунар
15p.pdf,БК Пионер
18k.pdf,БК Коммунар
17k.pdf,БК Коммунар
14p.pdf,БК Пионер
16k.pdf,БК Коммунар
13p.pdf,БК Пионер
15k.pdf,БК Коммунар
12p_кор.pdf,БК Пионер
11p.pdf,БК Пионер
10p.pdf,БК Пионер
14k.pdf,БК Коммунар
013k.pdf,БК Коммунар
12k.pdf,БК Коммунар
09p.pdf,БК Пионер
11k.pdf,БК Коммунар
08p.pdf,БК Пионер
10k.pdf,БК Коммунар
07p.pdf,БК Пионер
009k.pdf,БК Коммунар
06p.pdf,БК Пионер
05p.pdf,БК Пионер
08k.pdf,БК Коммунар
04p.pdf,БК Пионер
07k.pdf,БК Коммунар
06k.pdf,БК Коммунар
05k.pdf,БК Коммунар
04k.pdf,БК Коммунар
03p.pdf,БК Пионер
03k.pdf,БК Коммунар
02p.pdf,БК Пионер
02k.pdf,БК Коммунар
01p.pdf,БК Пионер
01k.pdf,БК Коммунар
319k.pdf,БК Коммунар
338p.pdf,БК Пионер
318k.pdf,БК Коммунар
317k.pdf,БК Коммунар
337p.pdf,БК Коммунар
336p.pdf,БК Пионер
335p.pdf,БК Пионер
316k.pdf,БК Коммунар
334p.pdf,БК Пионер
333p.pdf,БК Пионер
315k(2).pdf,БК Коммунар
332p.pdf,БК Пионер
314k.pdf,БК Коммунар
331p.pdf,БК Пионер
330p.pdf,БК Пионер
313k.pdf,БК Коммунар
329p.pdf,БК Пионер
312k.pdf,БК Коммунар
311k.pdf,БК Коммунар
328p.pdf,БК Пионер
310k.pdf,БК Коммунар
327p.pdf,БК Пионер
326p.pdf,БК Пионер
309k.pdf,БК Коммунар
325p.pdf,БК Пионер
308k.pdf,БК Коммунар
324p.pdf,БК Пионер
307k.pdf,БК Коммунар
323p.pdf,БК Пионер
306k.pdf,БК Коммунар
322p.pdf,БК Пионер
321p.pdf,БК Пионер
320p.pdf,БК Пионер
319p.pdf,БК Пионер
305k.pdf,БК Коммунар
318p.pdf,БК Пионер
304k.pdf,БК Коммунар
317p.pdf,БК Пионер
303k.pdf,БК Коммунар
316p.pdf,БК Пионер
315p.pdf,БК Пионер
302k.pdf,БК Коммунар
314p.pdf,БК Пионер
313p.pdf,БК Пионер
301k.pdf,БК Коммунар
312p.pdf,БК Пионер
300k.pdf,БК Коммунар
311p.pdf,БК Пионер
299k.pdf,БК Коммунар
310p.pdf,БК Пионер
298k.pdf,БК Коммунар
297k.pdf,БК Коммунар
309p.pdf,БК Пионер
296k.pdf,БК Коммунар
308p.pdf,БК Пионер
295k.pdf,БК Коммунар
307p.pdf,БК Пионер
306p.pdf,БК Пионер
294k.pdf,БК Коммунар
305p.pdf,БК Пионер
293k.pdf,БК Коммунар
304p.pdf,БК Пионер
292k.pdf,БК Коммунар
303p.pdf,БК Пионер
291k.pdf,БК Коммунар
302p.pdf,БК Пионер
290k.pdf,БК Коммунар
301p.pdf,БК Пионер
289k.pdf,БК Коммунар
300p.pdf,БК Пионер
299p.pdf,БК Пионер
298p.pdf,БК Пионер
288k.pdf,БК Коммунар
297p.pdf,БК Пионер
296p.pdf,БК Пионер
287k.pdf,БК Коммунар
295p.pdf,БК Пионер
286k.pdf,БК Коммунар
294p.pdf,БК Пионер
293p.pdf,БК Пионер
285k.pdf,БК Коммунар
292p.pdf,БК Пионер
284k.pdf,БК Коммунар
291p.pdf,БК Пионер
290p.pdf,БК Пионер
289p.pdf,БК Пионер
283k.pdf,БК Коммунар
282k.pdf,БК Коммунар
288p.pdf,БК Пионер
281k.pdf,БК Коммунар
287p.pdf,БК Пионер
280k.pdf,БК Коммунар
279k.pdf,БК Коммунар
286p.pdf,БК Пионер
285p.pdf,БК Пионер
278k.pdf,БК Коммунар
277k.pdf,БК Коммунар
276k.pdf,БК Коммунар
284p.pdf,БК Пионер
275k.pdf,БК Коммунар
283p.pdf,БК Пионер
274k.pdf,БК Коммунар
282p.pdf,БК Пионер
273k.pdf,БК Коммунар
272k.pdf,БК Коммунар
271k.pdf,БК Коммунар
281p.pdf,БК Пионер
280p.pdf,БК Пионер
279p.pdf,БК Пионер
270k.pdf,БК Коммунар
278p.pdf,БК Пионер
277p.pdf,БК Пионер
269k.pdf,БК Коммунар
276p.pdf,БК Пионер
275p.pdf,БК Пионер
274p.pdf,БК Пионер
273p.pdf,БК Пионер
272p.pdf,БК Пионер
262k.pdf,БК Коммунар
261k.pdf,БК Коммунар
271p.pdf,БК Пионер
270p.pdf,БК Пионер
260k.pdf,БК Коммунар
258k.pdf,БК Коммунар
255k.pdf,БК Коммунар
254k.pdf,БК Коммунар
252к.pdf,БК Коммунар
263p.pdf,БК Пионер
262p.pdf,БК Пионер
260p.pdf,БК Пионер
259p.pdf,БК Пионер
240k.pdf,БК Коммунар
229p.pdf,БК Пионер
224k.pdf,БК Коммунар
223k.pdf,БК Коммунар
217k.pdf,БК Коммунар
211p.pdf,БК Коммунар
202р.pdf,БК Пионер
201р.pdf,БК Пионер
200р.pdf,БК Пионер
199р.pdf,БК Пионер
,БК Коммунар
193k.pdf,БК Коммунар
188k.pdf,БК Коммунар
185p.pdf,БК Коммунар
178k(2).pdf,БК Коммунар
184p(2).pdf,БК Пионер
156k(2).pdf,БК Коммунар
164p(2).pdf,БК Пионер
150k(2).pdf,БК Коммунар
144k.pdf,БК Коммунар
131k(2).pdf,БК Коммунар
129p(2).pdf,БК Пионер
125k(2).pdf,БК Коммунар
123k(2).pdf,БК Коммунар
116k(2).pdf,БК Коммунар
114k(2).pdf,БК Коммунар
111p(2).pdf,БК Пионер
110p.pdf,БК Коммунар
106k(2).pdf,БК Коммунар
106p(2).pdf,БК Пионер
98p.pdf,БК Пионер
89k(2).pdf,БК Коммунар
88k(2).pdf,БК Коммунар
77к.pdf,БК Коммунар
78p(2).pdf,БК Пионер
74p(2).pdf,БК Пионер
67к.pdf,БК Коммунар
66k(2).pdf,БК Коммунар
72p(2).pdf,БК Пионер
65p(2).pdf,БК Пионер
59k(2).pdf,БК Коммунар
58k.pdf,БК Коммунар
50p(2).pdf,БК Пионер
49p(2).pdf,БК Пионер
42p.pdf,БК Коммунар
35k(2).pdf,БК Коммунар
39p(2).pdf,БК Пионер
32k(2).pdf,БК Коммунар
30p(2).pdf,БК Пионер
29p.pdf,БК Пионер
21p.pdf,БК Коммунар
15p.pdf,БК Коммунар
12p.pdf,БК Пионер
13k.pdf,БК Коммунар
9p.pdf,БК Пионер
8p.pdf,БК Пионер
9k.pdf,БК Коммунар
7p.pdf,БК Пионер
8k.pdf,БК Коммунар
6p.pdf,БК Пионер
7k.pdf,БК Коммунар
6k.pdf,БК Коммунар
5p.pdf,БК Пионер
5k.pdf,БК Коммунар
4p.pdf,БК Пионер
4k.pdf,БК Коммунар
3p.pdf,БК Пионер
3k.pdf,БК Коммунар
2p.pdf,БК Пионер
2k.pdf,БК Коммунар
1p.pdf,БК Пионер
1k.pdf,БК Коммунар
541p.pdf,БК Коммунар
540p.pdf,БК Пионер
517k.pdf,БК Коммунар
539p.pdf,БК Пионер
538p.pdf,БК Пионер
516k.pdf,БК Коммунар
515k.pdf,БК Коммунар
537p.pdf,БК Пионер
536p.pdf,БК Пионер
514k.pdf,БК Коммунар
535p.pdf,БК Пионер
513k.pdf,БК Коммунар
534p.pdf,БК Коммунар
512k.pdf,БК Коммунар
533p.pdf,БК Пионер
532p.pdf,БК Пионер
511k.pdf,БК Коммунар
510k.pdf,БК Коммунар
531p.pdf,БК Пионер
530p.pdf,БК Пионер
509k.pdf,БК Коммунар
529p.pdf,БК Пионер
508k.pdf,БК Коммунар
528p.pdf,БК Пионер
527p.pdf,БК Пионер
507k.pdf,БК Коммунар
526p.pdf,БК Пионер
506k.pdf,БК Коммунар
525p.pdf,БК Пионер
505k.pdf,БК Коммунар
524p.pdf,БК Пионер
523p.pdf,БК Пионер
504k.pdf,БК Коммунар
522p.pdf,БК Пионер
521p.pdf,БК Пионер
520p.pdf,БК Пионер
503k.pdf,БК Коммунар
519p.pdf,БК Пионер
502k.pdf,БК Коммунар
518p.pdf,БК Пионер
517p.pdf,БК Пионер
516p.pdf,БК Пионер
501k.pdf,БК Коммунар
515p.pdf,БК Пионер
500k.pdf,БК Коммунар
514p.pdf,БК Пионер
513p.pdf,БК Пионер
499k.pdf,БК Коммунар
498k.pdf,БК Коммунар
512p.pdf,БК Пионер
511p.pdf,БК Пионер
497k.pdf,БК Коммунар
510p.pdf,БК Пионер
496k.pdf,БК Коммунар
509p.pdf,БК Пионер
495k.pdf,БК Коммунар
507p.pdf,БК Пионер
494k.pdf,БК Коммунар
508p.pdf,БК Пионер
493k.pdf,БК Коммунар
506p.pdf,БК Пионер
505p.pdf,БК Пионер
492k.pdf,БК Коммунар
504p.pdf,БК Пионер
491k.pdf,БК Коммунар
503p.pdf,БК Пионер
490k.pdf,БК Коммунар
502p.pdf,БК Пионер
489k.pdf,БК Коммунар
501p.pdf,БК Пионер
488k.pdf,БК Коммунар
500p.pdf,БК Пионер
487k.pdf,БК Коммунар
499p.pdf,БК Пионер
486k.pdf,БК Коммунар
485k.pdf,БК Коммунар
498p.pdf,БК Пионер
497p.pdf,БК Пионер
496p.pdf,БК Пионер
484k.pdf,БК Коммунар
495p.pdf,БК Пионер
483k.pdf,БК Коммунар
482k.pdf,БК Коммунар
494p.pdf,БК Пионер
481k.pdf,БК Коммунар
493p.pdf,БК Пионер
480k.pdf,БК Коммунар
492p.pdf,БК Пионер
479k.pdf,БК Коммунар
478k.pdf,БК Коммунар
477k.pdf,БК Коммунар
476k.pdf,БК Коммунар
491p.pdf,БК Пионер
490p.pdf,БК Пионер
475k.pdf,БК Коммунар
489p.pdf,БК Пионер
474k.pdf,БК Коммунар
488p.pdf,БК Пионер
473k.pdf,БК Коммунар
472k.pdf,БК Коммунар
487p.pdf,БК Пионер
470k.pdf,БК Коммунар
486p.pdf,БК Пионер
471k.pdf,БК Коммунар
485p.pdf,БК Пионер
469k.pdf,БК Коммунар
468k.pdf,БК Коммунар
484p.pdf,БК Пионер
467k.pdf,БК Коммунар
466k.pdf,БК Коммунар
483p.pdf,БК Пионер
465k.pdf,БК Коммунар
482p.pdf,БК Пионер
464k.pdf,БК Коммунар
481p.pdf,БК Пионер
463k.pdf,БК Коммунар
480p.pdf,БК Пионер
462k.pdf,БК Коммунар
479p.pdf,БК Пионер
461k.pdf,БК Коммунар
478p.pdf,БК Пионер
460k.pdf,БК Коммунар
477p.pdf,БК Пионер
459k.pdf,БК Коммунар
476p.pdf,БК Пионер
458k.pdf,БК Коммунар
475p.pdf,БК Пионер
457k.pdf,БК Коммунар
474p.pdf,БК Пионер
456k.pdf,БК Коммунар
473p.pdf,БК Пионер
455k.pdf,БК Коммунар
472p.pdf,БК Пионер
454k.pdf,БК Коммунар
453k(2).pdf,БК Коммунар
471p.pdf,БК Пионер
470p.pdf,БК Пионер
469p.pdf,БК Пионер
452k.pdf,БК Коммунар
451k.pdf,БК Коммунар
468p.pdf,БК Пионер
467p.pdf,БК Пионер
450k.pdf,БК Коммунар
466p.pdf,БК Пионер
465p.pdf,БК Пионер
464p.pdf,БК Пионер
449k.pdf,БК Коммунар
463p.pdf,БК Пионер
462p.pdf,БК Пионер
461p.pdf,БК Пионер
448k.pdf,БК Коммунар
460p.pdf,БК Пионер
459p.pdf,БК Пионер
447k.pdf,БК Коммунар
458p.pdf,БК Пионер
446k.pdf,БК Коммунар
457p.pdf,БК Пионер
445k.pdf,БК Коммунар
456p.pdf,БК Пионер
444k.pdf,БК Коммунар
455p.pdf,БК Пионер
454p.pdf,БК Пионер
443k.pdf,БК Коммунар
453p.pdf,БК Пионер
442k.pdf,БК Коммунар
452p.pdf,БК Пионер
441k.pdf,БК Коммунар
451p.pdf,БК Пионер
440k.pdf,БК Коммунар
450p.pdf,БК Пионер
439k.pdf,БК Коммунар
449p.pdf,БК Пионер
448p.pdf,БК Пионер
438k.pdf,БК Коммунар
447p.pdf,БК Пионер
446p.pdf,БК Пионер
437k.pdf,БК Коммунар
445p.pdf,БК Пионер
436k.pdf,БК Коммунар
444p.pdf,БК Пионер
443p.pdf,БК Пионер
435k.pdf,БК Коммунар
442p.pdf,БК Пионер
441p.pdf,БК Пионер
434k.pdf,БК Коммунар
440p.pdf,БК Пионер
439p.pdf,БК Пионер
433k.pdf,БК Коммунар
438p.pdf,БК Пионер
437p.pdf,БК Пионер
432k.pdf,БК Коммунар
436p.pdf,БК Пионер
431k.pdf,БК Коммунар
430k.pdf,БК Коммунар
435p.pdf,БК Пионер
434p.pdf,БК Пионер
429k.pdf,БК Коммунар
433p.pdf,БК Пионер
428k.pdf,БК Коммунар
432p.pdf,БК Пионер
427k.pdf,БК Коммунар
431p.pdf,БК Пионер
426k.pdf,БК Коммунар
430p.pdf,БК Пионер
425k.pdf,БК Коммунар
424k.pdf,БК Коммунар
423k.pdf,БК Коммунар
422k.pdf,БК Коммунар
429p.pdf,БК Пионер
421k.pdf,БК Коммунар
420k.pdf,БК Коммунар
428p.pdf,БК Пионер
419k.pdf,БК Коммунар
427p.pdf,БК Пионер
418k.pdf,БК Коммунар
417k.pdf,БК Коммунар
426p.pdf,БК Пионер
416k.pdf,БК Коммунар
425p.pdf,БК Пионер
415k.pdf,БК Коммунар
414k.pdf,БК Коммунар
424p.pdf,БК Пионер
413k.pdf,БК Коммунар
423p.pdf,БК Пионер
412k.pdf,БК Коммунар
422p.pdf,БК Пионер
411k.pdf,БК Коммунар
421p.pdf,БК Пионер
410k.pdf,БК Коммунар
420p.pdf,БК Пионер
409k.pdf,БК Коммунар
419p.pdf,БК Пионер
408k.pdf,БК Коммунар
407k.pdf,БК Коммунар
418p.pdf,БК Пионер
406k.pdf,БК Коммунар
417p.pdf,БК Пионер
405k.pdf,БК Коммунар
416p.pdf,БК Пионер
404k.pdf,БК Коммунар
403k.pdf,БК Коммунар
415p.pdf,БК Пионер
402k.pdf,БК Коммунар
414p.pdf,БК Пионер
401k.pdf,БК Коммунар
400k.pdf,БК Коммунар
399k.pdf,БК Коммунар
398k.pdf,БК Коммунар
413p.pdf,БК Пионер
397kk.pdf,БК Коммунар
396k.pdf,БК Коммунар
412p.pdf,БК Пионер
395k.pdf,БК Коммунар
394k.pdf,БК Коммунар
411p.pdf,БК Пионер
393k.pdf,БК Коммунар
410pp.pdf,БК Пионер
409pp.pdf,БК Пионер
392kk.pdf,БК Коммунар
408pp.pdf,БК Пионер
407pp.pdf,БК Пионер
391kk.pdf,БК Коммунар
390kk.pdf,БК Коммунар
406pp.pdf,БК Пионер
405pp.pdf,БК Пионер
389kk.pdf,БК Коммунар
404pp.pdf,БК Пионер
388kk.pdf,БК Коммунар
403pp.pdf,БК Пионер
387kk.pdf,БК Коммунар
402pp.pdf,БК Пионер
386kk.pdf,БК Коммунар
401pp.pdf,БК Пионер
385kk.pdf,БК Коммунар
400pp.pdf,БК Пионер
384kk.pdf,БК Коммунар
383kk.pdf,БК Пионер
399pp.pdf,БК Пионер
398pp.pdf,БК Пионер
382kk.pdf,БК Коммунар
397pp.pdf,БК Пионер
381kk.pdf,БК Коммунар
396pp.pdf,БК Пионер
395pp.pdf,БК Пионер
380kk.pdf,БК Коммунар
394pp.pdf,БК Пионер
393pp.pdf,БК Пионер
379kk.pdf,БК Коммунар
392pp.pdf,БК Пионер
378kk.pdf,БК Коммунар
391pp.pdf,БК Пионер
390pp.pdf,БК Пионер
377kk.pdf,БК Коммунар
389pp.pdf,БК Пионер
376kk.pdf,БК Коммунар
388pp.pdf,БК Пионер
375kk.pdf,БК Коммунар
387pp.pdf,БК Пионер
386pp.pdf,БК Пионер
374kk.pdf,БК Коммунар
385pp.pdf,БК Пионер
384pp.pdf,БК Пионер
373kk.pdf,БК Коммунар
383pp.pdf,БК Пионер
372kk.pdf,БК Коммунар
382pp.pdf,БК Пионер
371kk.pdf,БК Коммунар
381pp.pdf,БК Пионер
380pp.pdf,БК Пионер
370kk.pdf,БК Коммунар
378pp.pdf,БК Пионер
377pp.pdf,БК Пионер
368kk.pdf,БК Коммунар
376pp.pdf,БК Пионер
367kk.pdf,БК Коммунар
375p.pdf,БК Пионер
366k.pdf,БК Коммунар
379pp.pdf,БК Пионер
369kk.pdf,БК Коммунар
374p.pdf,БК Пионер
365k.pdf,БК Коммунар
373p.pdf,БК Пионер
372p.pdf,БК Пионер
364k.pdf,БК Коммунар
371p.pdf,БК Пионер
363k.pdf,БК Коммунар
370p.pdf,БК Пионер
362k.pdf,БК Коммунар
369p.pdf,БК Пионер
361k.pdf,БК Коммунар
359k.pdf,БК Коммунар
367p.pdf,БК Пионер
360k.pdf,БК Пионер
360k.pdf,БК Коммунар
366p.pdf,БК Пионер
365p.pdf,БК Пионер
364p.pdf,БК Пионер
358k.pdf,БК Коммунар
363p.pdf,БК Пионер
357k.pdf,БК Коммунар
362p.pdf,БК Пионер
356k.pdf,БК Коммунар
361p.pdf,БК Пионер
360p.pdf,БК Пионер
359p.pdf,БК Пионер
355k.pdf,БК Коммунар
358p.pdf,БК Пионер
354k.pdf,БК Коммунар
357p.pdf,БК Пионер
353k.pdf,БК Коммунар
356p.pdf,БК Пионер
355p.pdf,БК Пионер
354p.pdf,БК Пионер
352k.pdf,БК Коммунар
353p.pdf,БК Пионер
351k.pdf,БК Коммунар
350k.pdf,БК Коммунар
352p.pdf,БК Пионер
351p.pdf,БК Пионер
349k.pdf,БК Коммунар
348k.pdf,БК Коммунар
350p.pdf,БК Пионер
347k.pdf,БК Коммунар
349p.pdf,БК Пионер
346k.pdf,БК Коммунар
348p.pdf,БК Пионер
347p.pdf,БК Пионер
345k.pdf,БК Коммунар
346p.pdf,БК Пионер
345p.pdf,БК Пионер
344k.pdf,БК Коммунар
344p.pdf,БК Пионер
343p.pdf,БК Пионер
342p.pdf,БК Пионер
343k.pdf,БК Коммунар
341p.pdf,БК Пионер
342k.pdf,БК Коммунар
340p.pdf,БК Пионер
339p.pdf,БК Пионер
341k.pdf,БК Коммунар
340k.pdf,БК Коммунар
337p.pdf,БК Пионер
339k.pdf,БК Коммунар
338k.pdf,БК Коммунар
337k.pdf,БК Коммунар
336k.pdf,БК Коммунар
335k.pdf,БК Коммунар
334k.pdf,БК Коммунар
333k.pdf,БК Коммунар
332k.pdf,БК Коммунар
331k.pdf,БК Коммунар
330k.pdf,БК Коммунар
329k.pdf,БК Коммунар
328k.pdf,БК Коммунар
327k.pdf,БК Коммунар
326k.pdf,БК Коммунар
325k.pdf,БК Коммунар
324k.pdf,БК Коммунар
323k.pdf,БК Коммунар
322k.pdf,БК Коммунар
321k.pdf,БК Коммунар
320k.pdf,БК Коммунар
315k.pdf,БК Коммунар
317pp.pdf,БК Пионер
313kk.pdf,БК Коммунар
316pp.pdf,БК Пионер
312kk.pdf,БК Коммунар
315pp.pdf,БК Пионер
311kk.pdf,БК Коммунар
314pp.pdf,БК Пионер
310kk.pdf,БК Коммунар
313pp.pdf,БК Пионер
309kk.pdf,БК Коммунар
312pp.pdf,БК Пионер
308kk.pdf,БК Коммунар
307kk.pdf,БК Коммунар
306kk.pdf,БК Коммунар
311pp.pdf,БК Пионер
305kk.pdf,БК Коммунар
304kk.pdf,БК Коммунар
310pp.pdf,БК Пионер
302kk.pdf,БК Коммунар
309pp.pdf,БК Пионер
301kk.pdf,БК Коммунар
308pp.pdf,БК Пионер
300kk.pdf,БК Коммунар
307pp.pdf,БК Пионер
306pp.pdf,БК Пионер
305pp.pdf,БК Пионер
304pp.pdf,БК Пионер
299kk.pdf,БК Коммунар
Вход тх AGIA EKATERINI 01.07 в 05_00 _ ТСС №2.pdf,БК Пионер
302pp.pdf,БК Пионер
301pp.pdf,БК Пионер
298kk.pdf,БК Коммунар
300pp.pdf,БК Пионер
297kk.pdf,БК Коммунар
296kk.pdf,БК Коммунар
299pp.pdf,БК Пионер
295kk.pdf,БК Коммунар
298pp.pdf,БК Пионер
294kk.pdf,БК Коммунар
297pp.pdf,БК Пионер
293kk.pdf,БК Коммунар
292kk.pdf,БК Коммунар
296pp.pdf,БК Пионер
295pp.pdf,БК Пионер
291kk.pdf,БК Коммунар
290kk.pdf,БК Коммунар
293pp.pdf,БК Пионер
289kk.pdf,БК Коммунар
292pp.pdf,БК Пионер
288kk.pdf,БК Коммунар
291pp.pdf,БК Пионер
290pp.pdf,БК Пионер
287kk.pdf,БК Коммунар
289pp.pdf,БК Пионер
286kk.pdf,БК Коммунар
288pp.pdf,БК Пионер
285kk.pdf,БК Коммунар
287pp.pdf,БК Пионер
284kk.pdf,БК Коммунар
286pp.pdf,БК Пионер
285pp.pdf,БК Пионер
284pp.pdf,БК Пионер
283kk.pdf,БК Коммунар
294pp.pdf,БК Пионер
282kk.pdf,БК Коммунар
283pp.pdf,БК Пионер
282pp.pdf,БК Пионер
281kk.pdf,БК Коммунар
281pp.pdf,БК Пионер
280pp.pdf,БК Пионер
280kk.pdf,БК Коммунар
279pp.pdf,БК Пионер
279kk.pdf,БК Коммунар
278pp.pdf,БК Пионер
277pp.pdf,БК Пионер
278kk.pdf,БК Коммунар
276pp.pdf,БК Пионер
275pp.pdf,БК Пионер
274pp.pdf,БК Пионер
277kk.pdf,БК Коммунар
273pp.pdf,БК Пионер
272pp.pdf,БК Пионер
271pp.pdf,БК Пионер
276kk.pdf,БК Коммунар
270pp.pdf,БК Пионер
275kk.pdf,БК Коммунар
269pp.pdf,БК Пионер
274kk.pdf,БК Коммунар
268pp.pdf,БК Пионер
267pp.pdf,БК Пионер
266pp.pdf,БК Пионер
265pp.pdf,БК Пионер
273kk.pdf,БК Коммунар
272kk.pdf,БК Коммунар
264pp.pdf,БК Пионер
271kk.pdf,БК Коммунар
263pp.pdf,БК Пионер
262pp.pdf,БК Пионер
270kk.pdf,БК Коммунар
261pp.pdf,БК Пионер
269kk.pdf,БК Коммунар
268kk.pdf,БК Коммунар
260pp.pdf,БК Пионер
267kk.pdf,БК Коммунар
259pp.pdf,БК Пионер
258pp.pdf,БК Пионер
257pp.pdf,БК Пионер
266kk.pdf,БК Коммунар
256pp.pdf,БК Пионер
265kk.pdf,БК Коммунар
255pp.pdf,БК Пионер
303kk.pdf,БК Коммунар
254pp.pdf,БК Пионер
257k.pdf,БК Коммунар
224k(2).pdf,БК Коммунар
223k(2).pdf,БК Коммунар
215p.pdf,БК Коммунар
180p.pdf,БК Коммунар
165p.pdf,БК Коммунар
159k(2).pdf,БК Коммунар
158k(2).pdf,БК Коммунар
157k(2).pdf,БК Коммунар
132p.pdf,Test
123p.pdf,БК Коммунар
59k.pdf,БК Коммунар
56k_.pdf,БК Коммунар
49k(2).pdf,БК Коммунар
33p(2).pdf,БК Пионер
26k(2).pdf,БК Коммунар
597k.pdf,БК Коммунар
560p.pdf,БК Пионер
596k.pdf,БК Коммунар
559p.pdf,БК Пионер
558p.pdf,БК Пионер
595k.pdf,БК Коммунар
557p.pdf,БК Пионер
594k.pdf,БК Коммунар
556p.pdf,БК Пионер
593k.pdf,БК Коммунар
555p.pdf,БК Пионер
592k.pdf,БК Коммунар
591k.pdf,БК Коммунар
554p.pdf,БК Пионер
590k.pdf,БК Коммунар
589k.pdf,БК Коммунар
553p.pdf,БК Пионер
588k.pdf,БК Коммунар
552p.pdf,БК Пионер
587k.pdf,БК Коммунар
586k.pdf,БК Коммунар
585k.pdf,БК Коммунар
551p.pdf,БК Пионер
550p.pdf,БК Пионер
549p.pdf,БК Пионер
584k.pdf,БК Коммунар
548p.pdf,БК Пионер
583k.pdf,БК Коммунар
547p.pdf,БК Пионер
582k.pdf,БК Коммунар
546p.pdf,БК Пионер
545p.pdf,БК Пионер
581k.pdf,БК Коммунар
580k.pdf,БК Коммунар
544p.pdf,БК Пионер
543p.pdf,БК Пионер
542p.pdf,БК Пионер
579k.pdf,БК Коммунар
541p.pdf,БК Пионер
578k.pdf,БК Коммунар
577k.pdf,БК Коммунар
576k.pdf,БК Коммунар
575k.pdf,БК Коммунар
574k.pdf,БК Коммунар
534p.pdf,БК Пионер
573k.pdf,БК Коммунар
572k.pdf,БК Коммунар
530p.pdf,БК Коммунар
571k.pdf,БК Коммунар
570k.pdf,БК Коммунар
569k.pdf,БК Коммунар
568k.pdf,БК Коммунар
567k.pdf,БК Коммунар
566k.pdf,БК Коммунар
565k.pdf,БК Коммунар
564k.pdf,БК Коммунар
563k.pdf,БК Коммунар
562k.pdf,БК Коммунар
561k.pdf,БК Коммунар
560k.pdf,БК Коммунар
559k.pdf,БК Коммунар
558k.pdf,БК Коммунар
557k.pdf,БК Коммунар
556k.pdf,БК Коммунар
555k.pdf,БК Коммунар
554k.pdf,БК Коммунар
553k.pdf,БК Коммунар
552k.pdf,БК Коммунар
551k.pdf,БК Коммунар
550k.pdf,БК Коммунар
549k.pdf,БК Коммунар
548k.pdf,БК Коммунар
547k.pdf,БК Коммунар
546k.pdf,БК Коммунар
545k.pdf,БК Коммунар
544k.pdf,БК Коммунар
543k.pdf,БК Коммунар
542k.pdf,БК Коммунар
541k.pdf,БК Коммунар
540k.pdf,БК Коммунар
539k.pdf,БК Коммунар
538k.pdf,БК Коммунар
537k.pdf,БК Коммунар
536k.pdf,БК Коммунар
535k.pdf,БК Коммунар
534k.pdf,БК Коммунар
533k.pdf,БК Коммунар
532k.pdf,БК Коммунар
531k.pdf,БК Коммунар
530k.pdf,БК Коммунар
529k.pdf,БК Коммунар
528k.pdf,БК Коммунар
527k.pdf,БК Коммунар
526k.pdf,БК Коммунар
525k.pdf,БК Коммунар
524k.pdf,БК Коммунар
523k.pdf,БК Коммунар
522k.pdf,БК Коммунар
521k.pdf,БК Коммунар
520k.pdf,БК Коммунар
519k.pdf,БК Коммунар
518k.pdf,БК Коммунар
515k.jpeg,БК Коммунар
489p.jpeg,БК Пионер
453k.pdf,БК Коммунар
410p.pdf,БК Пионер
409p.pdf,БК Пионер
408p.pdf,БК Пионер
407p.pdf,БК Пионер
406p.pdf,БК Пионер
405p.pdf,БК Пионер
404p.pdf,БК Пионер
403p.pdf,БК Пионер
402p.pdf,БК Пионер
401p.pdf,БК Пионер
400p.pdf,БК Пионер
399p.pdf,БК Пионер
398p.pdf,БК Пионер
397k.pdf,БК Коммунар
397p.pdf,БК Пионер
396p.pdf,БК Пионер
395p.pdf,БК Пионер
394p.pdf,БК Пионер
392k.pdf,БК Коммунар
391k.pdf,БК Коммунар
390k.pdf,БК Коммунар
393p.pdf,БК Пионер
392p.pdf,БК Пионер
389k.pdf,БК Коммунар
391p.pdf,БК Пионер
390p.pdf,БК Пионер
389p.pdf,БК Пионер
388p.pdf,БК Пионер
387p.pdf,БК Пионер
388k.pdf,БК Коммунар
386p.pdf,БК Пионер
385p.pdf,БК Пионер
387k.pdf,БК Коммунар
384p.pdf,БК Пионер
386k.pdf,БК Коммунар
383p.pdf,БК Пионер
385k.pdf,БК Коммунар
382p.pdf,БК Пионер
384k.pdf,БК Коммунар
382k.pdf,БК Коммунар
381p.pdf,БК Пионер
380p.pdf,БК Пионер
381k.pdf,БК Коммунар
379p.pdf,БК Пионер
380k.pdf,БК Коммунар
378p.pdf,БК Пионер
379k.pdf,БК Коммунар
377p.pdf,БК Пионер
376p.pdf,БК Пионер
378k.pdf,БК Коммунар
377k.pdf,БК Коммунар
376k.pdf,БК Коммунар
368p.pdf,БК Пионер
375k.pdf,БК Коммунар
374k.pdf,БК Коммунар
373k.pdf,БК Коммунар
372k.pdf,БК Коммунар
371k.pdf,БК Коммунар
370k.pdf,БК Коммунар
369k.pdf,БК Коммунар
368k.pdf,БК Коммунар
367k.pdf,БК Коммунар
338p.pdf,БК Коммунар
325p.pdf,БК Коммунар
320k.pdf,БК Пионер
316k.pdf,БК Пионер
311p.pdf,БК Коммунар
292k.pdf,БК Пионер
289p.pdf,БК Коммунар
16l.pdf,МБ Лигер
15l.pdf,МБ Лигер
14l.pdf,МБ Лигер
13l.pdf,МБ Лигер
12l.pdf,МБ Лигер
11l.pdf,МБ Лигер
10l.pdf,МБ Лигер
9l.pdf,МБ Лигер
8l.pdf,МБ Лигер
7l.pdf,МБ Лигер
6l.pdf,БК Коммунар
5l.pdf,МБ Лигер
4l.pdf,МБ Лигер
3l.pdf,МБ Лигер
2l.pdf,МБ Лигер
233p.pdf,БК Коммунар
1l.pdf,МБ Лигер
231p.pdf,БК Коммунар
214k.pdf,-
218s.pdf,-
217s.pdf,-
216s.pdf,БК Коммунар
215s.pdf,-
214s.pdf,-
213s.pdf,-
212s.pdf,-
206k.pdf,-
211s.pdf,-
210s.pdf,-
209s.pdf,-
208s.pdf,-
207s.pdf,-
206s.pdf,-
205s.pdf,БК Коммунар
204s.pdf,-
203s.pdf,-
202s.pdf,-
201s.pdf,-
200s.pdf,-
199s.pdf,-
198s.pdf,БК Коммунар
197s.pdf,-
196s.pdf,БК Коммунар
195s.pdf,-
194s.pdf,-
193s.pdf,-
192s.pdf,-
191s.pdf,-
190s.pdf,-
189s.pdf,-
188s.pdf,-
187s.pdf,БК Пионер
186s.pdf,-
185s.pdf,-
184s.pdf,-
179k.pdf,-
183s.pdf,-
182s.pdf,-
181s.pdf,-
180s.pdf,-
179s.pdf,-
178s.pdf,-
174k.pdf,-
177s.pdf,-
176s.pdf,-
175s.pdf,-
174s.pdf,-
173s.pdf,БК Коммунар
172s.pdf,-
170s.pdf,-
169s.pdf,-
168s.pdf,-
167s.pdf,-
166s.pdf,-
165s.pdf,-
164s.pdf,-
163s.pdf,-
160к.pdf,БК Коммунар
162s.pdf,-
161s.pdf,-
160s.pdf,-
159s.pdf,-
158s.pdf,-
157s.pdf,БК Пионер
156s.pdf,-
155s.pdf,-
154s.pdf,-
154p.pdf,-
153s.pdf,-
152s.pdf,БК Коммунар
151s.pdf,-
150s.pdf,-
150p.pdf,БК Коммунар
149s.pdf,-
148s.pdf,-
147s.pdf,-
146s.pdf,-
145s.pdf,-
144s.pdf,-
143s.pdf,-
142s.pdf,-
141s.pdf,-
140s.pdf,-
139s.pdf,-
138s.pdf,-
137s.pdf,-
136s.pdf,-
,
